bank_transaction_id,bank_account_id,transaction_date,value_date,direction,amount,currency,description,counterparty_raw,statement_id,matched_payment_id,matched_ledger_entry_id,reconciliation_status
BT-5001,BANK-USD-01,2026-08-18,2026-08-18,credit,8750.00,USD,BLUEPEAK LOGISTICS GMBH INV1002,BLUEPEAK LOGISTICS GMBH,STMT-USD-2026-08,PAY-2005,LE-9021,matched
BT-5002,BANK-USD-01,2026-08-19,2026-08-19,credit,8750.00,USD,BLUEPEAK LOGISTICS INV1002,BLUEPEAK LOGISTICS,STMT-USD-2026-08,PAY-2006,,unmatched
BT-5003,BANK-USD-01,2026-08-26,2026-08-26,credit,6200.00,USD,EASTPORT MARINE SVCS INV-1005,EASTPORT MARINE SVCS,STMT-USD-2026-08,PAY-2011,LE-9023,matched
BT-5004,BANK-USD-01,2026-08-28,2026-08-28,credit,11900.00,USD,ACME INC INV1001 PMT,ACME INC,STMT-USD-2026-08,PAY-2001,LE-9025,matched
BT-5005,BANK-USD-01,2026-08-29,2026-08-29,credit,2200.00,USD,ACME INCORP 8859,ACME INCORP,STMT-USD-2026-08,PAY-2010,LE-9027,matched_wrong_invoice
BT-5006,BANK-USD-01,2026-08-31,2026-09-01,credit,4300.00,USD,CORVUS ANALYTICS LLC INV1003,CORVUS ANALYTICS LLC,STMT-USD-2026-08,PAY-2008,LE-9029,timing_difference
BT-5007,BANK-USD-01,2026-08-30,2026-08-30,debit,1250.00,USD,REFUND EASTPORT MARINE,EASTPORT MARINE SVCS,STMT-USD-2026-08,,,unmatched
BT-5008,BANK-USD-01,2026-08-12,2026-08-12,debit,3400.00,USD,NORTHLINE FREIGHT AUG,NORTHLINE FREIGHT,STMT-USD-2026-08,,LE-9033,amount_mismatch
BT-6001,BANK-EUR-01,2026-08-27,2026-08-27,credit,9000.00,EUR,DUNMORE RETAIL GRP INV1004,DUNMORE RETAIL GRP,STMT-EUR-2026-08,PAY-2009,LE-9031,matched
