discrepancy_id,type,detected_on,detected_by,amount,currency,accounting_period,severity,status,invoice_ids,payment_ids,bank_transaction_ids,ledger_entry_ids,policy_ids,investigation_id,root_cause_summary
DISC-0001,undocumented_discount_partial_payment,2026-09-01,bank_reconciliation_rule,500.00,USD,2026-08,medium,under_investigation,INV-1001,PAY-2001,BT-5004,LE-9001;LE-9026,POL-DISCOUNT-001,INVG-7001,Verbal 500 discount never approved or credited
DISC-0002,duplicate_payment,2026-09-01,duplicate_receipt_rule,8750.00,USD,2026-08,high,under_investigation,INV-1002,PAY-2005;PAY-2006,BT-5001;BT-5002,LE-9021;LE-9022,POL-PAYMENT-001;POL-REFUND-001,INVG-7002,Customer released the same payment run twice
DISC-0003,timing_difference,2026-09-01,bank_reconciliation_rule,4300.00,USD,2026-08,low,explained,INV-1003,PAY-2008,BT-5006,LE-9029;LE-9030,POL-RECON-001;POL-PERIOD-001,,Bank value date fell in September
DISC-0004,incorrect_exchange_rate,2026-09-02,fx_revaluation_check,315.00,USD,2026-08,medium,pending_adjustment,INV-1004,PAY-2009,BT-6001,LE-9010;LE-9032,POL-ADJUST-001,,Stale July rate 1.0500 used instead of 1.0850
DISC-0005,missing_ledger_entry,2026-09-01,bank_reconciliation_rule,1250.00,USD,2026-08,high,under_investigation,INV-1005,,BT-5007,,POL-REFUND-001;POL-ACCESS-001,,Refund paid outside the workflow
DISC-0006,payment_applied_to_wrong_invoice,2026-09-02,ar_aging_review,2200.00,USD,2026-08,medium,under_investigation,INV-1006;INV-1003,PAY-2010,BT-5005,LE-9027;LE-9028,POL-PAYMENT-001;POL-RECON-001,INVG-7003,Entity-resolution failure on ACME INCORP 8859
DISC-0007,unauthorized_adjustment,2026-09-01,journal_authority_check,14000.00,USD,2026-08,critical,escalated,,,,LE-9035;LE-9036,POL-JE-001;POL-ADJUST-001;POL-APPROVAL-001,INVG-7004,Posted above the preparer authority limit with no approver
DISC-0008,duplicate_invoice,2026-08-26,duplicate_invoice_rule,8750.00,USD,2026-08,high,pending_credit_note,INV-1008;INV-1002,,,LE-9004,POL-CREDITNOTE-001,,Billing batch re-run for PO-BLU-2210
DISC-0009,expense_amount_mismatch,2026-09-01,ap_to_bank_match,360.00,USD,2026-08,low,pending_adjustment,,,BT-5008,LE-9033;LE-9034,POL-ADJUST-001,,Transposition of 3400.00 to 3040.00
